{
  "project_info": {
    "project_number": "738783598073",
    "firebase_url": "https://expensepal-34ec0.firebaseio.com",
    "project_id": "expensepal-34ec0",
    "storage_bucket": "expensepal-34ec0.appspot.com"
  },
  "client": [
    {
      "client_info": {
        "mobilesdk_app_id": "1:738783598073:android:95256521a0e58a872c1928",
        "android_client_info": {
          "package_name": "com.example.expensepal"
        }
      },
      "oauth_client": [
        {
          "client_id": "738783598073-2uukmt6gt35nvdmg0s9ds4maeucfc4gk.apps.googleusercontent.com",
          "client_type": 3
        }
      ],
      "api_key": [
        {
          "current_key": "AIzaSyDfACnPHpB5TygIkE519kp1cen0R0pgGtw"
        }
      ],
      "services": {
        "appinvite_service": {
          "other_platform_oauth_client": [
            {
              "client_id": "738783598073-2uukmt6gt35nvdmg0s9ds4maeucfc4gk.apps.googleusercontent.com",
              "client_type": 3
            }
          ]
        }
      }
    }
  ],
  "configuration_version": "1"
}